Dougherty,Antwan,adougherty556,PHI-FR
Knox,Patrick,pknoxX539,ART-SR
Parrish,Shane,sparrish474,GER-SO
Kerr,Jerome,jkerrX130,JOU-SR
Foley,Adriel,afoley752,AVI-JR
Wagner,Seamus,swagner837,ELE-SR
Hobbs,Ashton,ahobbs844,URB-FR
Petty,Evie,epetty205,PUB-SO
Myers,Leandro,lmyers183,COU-SR
Roberts,Julia,jroberts830,LIB-FR
Brandt,Lukas,lbrandt112,MED-FR
Livingston,Alani,alivingston006,URB-SO
Peterson,Jamiya,jpeterson639,MED-JR
Roy,Kirsten,kroyX825,MAN-FR
Copeland,Johnny,jcopeland583,INT-FR
Wong,Amirah,awongX533,CRE-SO
Kline,Luciano,lkline201,CYB-SO
Joseph,Lance,ljoseph641,BIO-SR
Rangel,Paula,prangel431,NEU-SR
Massey,Jamie,jmassey853,MUS-SR
Rubio,Karli,krubio755,EXE-SR
Mcguire,Ellis,emcguire534,CON-JR
Oliver,Madyson,moliver668,SEC-FR
Fry,Serenity,sfryX411,ELE-JR
Leon,Jaliyah,jleonX981,GEO-SO
Guerrero,Parker,pguerrero247,POL-FR
Kemp,Milagros,mkempX897,AVI-SR
Garza,Aniya,agarza601,EDU-FR
Roberts,Zoe,zroberts528,THE-SO
Chan,Ryder,rchanX239,COM-SR
Norton,Antonio,anorton172,MUS-SR
Kim,Jazlene,jkimX224,COM-JR
Cox,America,acoxX781,AVI-SR
Rogers,Colby,crogers208,SOC-SR
Conrad,Stella,sconrad746,BIO-SO
Mccullough,Micheal,mmccullough223,HEA-SR
Hardy,Kolby,khardy119,MUS-JR
Tapia,Sophia,stapia838,CHE-FR
Jacobson,Addison,ajacobson891,CON-JR
Terrell,Aimee,aterrell390,EME-FR
Cannon,Abagail,acannon376,AVI-FR
Conrad,Donald,dconrad782,MAN-JR
Medina,Tiana,tmedina667,EDU-JR
Vasquez,Edwin,evasquez466,SEC-SO
Mcclain,Sofia,smcclain732,PUB-SR
Nash,Braylon,bnashX498,INF-FR
Buchanan,Chaya,cbuchanan425,FOR-SR
Juarez,Charlize,cjuarez304,REL-SR
Yu,Xzavier,xyuX036,GER-SO
Kent,Timothy,tkentX916,JOU-FR
Jones,Bailee,bjones121,BIO-SR
Hoover,Elizabeth,ehoover898,ENG-FR
Ramos,Jaida,jramos123,AVI-SR
Livingston,Perla,plivingston240,CON-SR
Simpson,Shayna,ssimpson529,EME-SO
Dawson,Jan,jdawson556,WRI-JR
Huffman,Aryana,ahuffman629,MUL-SO
Fernandez,Hillary,hfernandez684,WOM-JR
Barnes,Hillary,hbarnes360,COM-FR
Parks,Kayla,kparks990,ECO-SR
Murphy,Todd,tmurphy455,SCH-FR
Kelley,Melissa,mkelley398,ARC-SR
Gross,Abbigail,agross563,ATH-SO
Benton,Alina,abenton825,SPE-SO
Klein,Jadon,jklein317,COM-SO
Love,Saul,sloveX880,INF-SO
Galvan,Ingrid,igalvan204,NEU-FR
Logan,Zachery,zlogan143,KIN-FR
Singleton,Rubi,rsingleton219,SOC-SO
Esparza,Emiliano,eesparza346,MAN-JR
Salazar,Sierra,ssalazar642,COU-FR
Blair,Ashlyn,ablair906,ACC-SR
Barrera,Destiney,dbarrera582,COM-JR
Good,Armani,agoodX042,BIO-FR
Mcneil,Maximus,mmcneil765,CRE-JR
Peters,Jalen,jpeters543,ATH-JR
Preston,Chana,cpreston732,INF-SR
Simmons,Asia,asimmons665,MUS-FR
Mccarty,Ronan,rmccarty097,BIO-SO
Mitchell,Adrianna,amitchell124,ARC-FR
Evans,Molly,mevans887,HIS-SR
Mcclure,Lilah,lmcclure119,SCH-SR
Riddle,Lola,lriddle430,PSY-JR
Novak,Khloe,knovak114,SOC-JR
Harding,Elyse,eharding535,LIT-SR
Clark,Aditya,aclark822,MAT-FR
Patterson,Alvin,apatterson967,EDU-SR
Benson,Deegan,dbenson951,FOR-FR
Mcbride,Aaron,amcbride611,ENG-SR
West,Lilyana,lwestX516,ACC-SO
Liu,Connor,cliuX936,CRI-SO
Camacho,Asher,acamacho735,POL-SO
Hancock,Myles,mhancock239,MAT-SO
Cook,Asher,acookX286,GER-SO
Tanner,Cale,ctanner834,POL-SO
Hester,Trent,thester168,WRI-SO
Romero,Cristofer,cromero870,BLA-SO
Caldwell,Maren,mcaldwell745,ACC-SO
Long,Matthew,mlongX733,CIV-FR
Booker,Remington,rbooker222,THE-JR
